"Play Dough Kiku Withmoulder &amp; Cutting Shapes"
"Play Dough Stylish Minion"
"Play Dough Stylish Bucket"
"Super Clay 12 Color 5D"
"Clay 8 Pieces"
"123 Play Dough Tool"
"ABC Play Dough Tool"
"Play Dough Bucket"
"Play Dough Box"
"Tiny Play Dough Buckets"
"Play Dough Stylish House"
"Education Board 5+1 Big Size"
"Poster Art Color - Drawing For Kids - Kids Drawing Pictures Large"
"Poster Art Color - Drawing For Kids - Kids Drawing Pictures Small"
"Deli White Board 7803"
"Kids Drawing Board - Baby Writing Board - Magnetic Writing Board (No:806)"
"Kids Drawing Board - Baby Writing Board - Magnetic Writing Board (No:9005)"
"Wooden Writing Pad 123"
"Wooden Writing Pad ABC"
"Kids Drawing Board - Baby Writing Board - Magnetic Writing Board (No:8015)"
"KIDS CARTOON WRIST WATCH"
"Shapes Flash Cards - Color Flashcards - Flashcards For Kids"
"Fruits Flashcards - Dry Fruits Flashcards - Sweets &amp; Seasons Flashcards"
"Insects Flashcards - Flashcards For Kids - Children's Flash Cards"
"Number Flashcards - Number Flashcards Printable - 123 Flashcards"
"ABC Flash Cards (2406)"
"ABC Flash Cards - Small Letter Flashcards - Alphabet Flashcards"
"ا ب ج Flashcards - Urdu Flashcards Online In Pakistan At Stationeryx.pk"
"Animal Flashcards - Birds Flashcards - Farm Animal Flashcards"
"Fruit And Vegetable Flashcards - Flashcards For Kids - Children's Flash Cards"
"Parts Of Body Flashcards - Human Body Parts Flashcards - Flashcards"
"Occupations Flashcards - Flashcards For Kids - Kids Flash Cards"
"Opposites Flashcards - Flashcards For Kids - Kids Flash Cards"
"Sports Flashcards - Flashcards For Kids - Kids Flash Cards At Stationeryx"
"Transport Flashcards - Flashcards For Kids At Stationeryx.pk"
"Actions Flashcards - Flashcards For Kids - Kids Flash Cards"
"Local Flesh Card اب ج"
"Number Flashcards - Number Flashcards Printable - Flashcards"
"Capital Letter Flashcards - Alphabet Flashcards - ABC Flash Cards"
"Stationeryx Kids Board Books - Kids Development Books"
"Living Thing Non Living Thing Foaming Sheet"
"Joker Cartoon (Shapes) Foaming Sheet"
"Big Tree Foaming Sheet"
"Family Member Foaming Sheet"
"Color Pencil (8 Pcs) Foaming Sheet"
"Pakistan Famous Building Foaming Sheet"
"Shapes Foaming Sheet"
"Sea Life Foaming Sheet"
"Counting Balloons Foaming Sheet"
"Apple Counting Foaming Sheet"
"Clean Your School Foaming Sheet"
"Humpty Dumpty Foaming Sheet"
"Oral Cavity Foaming Sheet"
"Mickey Joker Foaming Sheet"
"Discipline of Pray Foaming Sheet"
"Solar System Foaming Sheet"
"Welcome Foaming Sheet"
"Insects Foaming Sheet"
"Twinkle Twinkle Little Star (Poem) Foaming Sheet"
"Fish Cartoon Foaming Sheet"
"Animal Class Border Foaming Sheet"
"Day Tree Foaming Sheet"
"Day Night Foaming Sheet"
"Parts of Body Foaming Sheet"
"Big Map of Pakistan Foaming Sheet"
"Fruits Foaming Sheet"
"Joker Face Foaming Sheet"
"Rabb-e-Zidni ilma Foaming Sheet"
"4 - Seasons Of Year Foaming Sheet"
"Month Train Foaming Sheet"
"Living Thing Non Living Thing (New-Design) Foaming Sheet"
"Day Flower (vase) Foaming Sheet"
"Turtle Vowel Foaming Sheet"
"Month Tree Foaming Sheet"
"Sparrow Foaming Sheet"
"Butterfly Foaming Sheet"
"Kids Cartoon With Urdu Poem Foaming Sheet"
"Rain Rain Go Away (Poem) Foaming Sheet"
"Class Plates Foaming Sheet"
"Body Parts Foaming Sheet"
"Alphabets Tree Foaming Sheet"
"7 Rainbows Foaming Sheet"
"Human Skull Foaming Sheet"
"Good Morning Foaming Sheet"
"Coloring Balloon Foaming Sheet"
"Happy Rain Colors Foaming Sheet"
"Geomatrical Shape Foaming Sheet"
"World Map Foaming Sheet"
"Sea Life Animals Foaming Sheet"
"5-Kids(Pakistani-Culture) Foaming Sheet"
"Domestic Chart Foaming Sheet"
"Tweet Cartoon Foaming Sheet"
"Twinkle Twinkle Little Star Foaming Sheet"
"Ba Ba Black Sheep Foaming Sheet"
"Children Activities Foaming Sheet"
"Day Flower Foaming Sheet"
"Counting Plates Foaming Sheet"
"Caterpillar Foaming Sheet"
"Swan (7-Ducks) Foaming Sheet"
"Big Vowel Hand Foaming Sheet"
"Kids Clock Foaming Sheet"
"ABC Song Foaming Sheet"
"Animals Foaming Sheet"
"Big Joker Cartoon Foaming Sheet"
"Traffic Light Poem Foaming Sheet"
"Alphabets Small (Circle) ABC"
"Alphabets Large (Simple) ABC"
"Alphabets Small (Simple) ABC"
"A to Z Collection Foaming Sheet"
"ABC Plates Small &amp; Picture"
"Structure Of Eye (Science Item) Foaming Sheet"
"Digestive System Foaming Sheet"
"Alphabets Large (Circle) ABC"
"Urdu Alphbets Foaming Sheet"
"Weather Foaming Sheet"
"Allah Names Foaming Sheet"
"Masjid Foaming Sheet"
"Seven Days Of Week Foaming Sheet"
"Pakistan Flag Foaming Sheet"
"Progress Tree Foaming Sheet"
"Dua Foaming Sheet"
"Qoumi Trana Foaming Sheet"
"Vegetable Foaming Sheet"
"Structure of Ear Foaming Sheet"
"Blocks Game - Puzzle Blocks - Kids Blocks - Kids Toys - Stationeryx"
"Fun Foam Blocks - Foam Block Toys - Large Foam Blocks - Stationeryx"
"Best Cheap Wooden Stacking Robots - Stacking Robots - Toy Robot - Montessori Toys At Stationeryx.pk"
"Building Block - Building Block Toys - Kids Blocks At Stationeryx"
"Buy Multi Function Nut Combination - Montessori Toys In Pakistan"
"Buy Best Montessori Wooden Toys - Wisdom Shape In Pakistan"
"Wooden Blocks - ABC Wooden Blocks - 27 Piece Wooden Blocks"
"Best Cheap Owl Blocks - Wooden Blocks Online In Pakistan | Stationeryx.pk"
"Lovely Blocks-DIY Pin Block"
"Mini Blocks- Educational Series-"
"Jump Rope Counter Jump with Counter"
"Hula Hoop Ring Toy (Multicolor)"
"KIDS Puzzle BOOK 6 Pages Mix Characters"
"Wooden Blocks - Puzzle Blocks - Kids Blocks - Kids Learning Toys"
"Wooden Blocks - Puzzle Blocks Early Kids Learning Toys"
"Smart Stick Puzzle Blocks For Kids"
"Lovely Blocks-DIY Stone Block"
"Pack Of 16 Kids Educational Books"
"My First Board Book Of Alphabet For Kids - 2071"
"My First Board Book Of Alif Bay Jeem For Kids - 2072"
"My First Board Book Of ABC For Kids - 2070"
"My First Board Book Of 123 For Kids - 2073"
"My First Board Book Of Achi Adatian For Kids - 2099"
"My Pretty Board Book Of Numbers For Kids Learning - 2104"
"My Pretty Board Book Of Fruits &amp; VegetablesFor Kids Learning - 2106"
"My First Board Book Of Animals For Kids - 2077"
"My First Board Book Of Birds For Kids - 2078"
"My First Board Book Of Colours &amp; Shapes For Kids - 2078"
"Ono Cards For Kids And Family Game Multi Colors"
"My First Board Book Of Vocabulary For Kids - 2080"
"My First Board Book Of Vegetables For Kids - 2075"
"My First Board Book Of Rhymes For Kids - 2079"
"My First Board Book Of Parts of Body For Kids - 2095"
"My First Board Book Of Nazmain For Kids - 2096"
"My First Board Book Of Habits For Kids - 2097"
"My First Board Book Of Fruits For Kids - 2074"
"My Pretty Board Book Of First ABC-1 For Kids Learning - 2101"
"My Pretty Board Book Of Alif Bay Pay For Kids Learning - 2100"
"Best Counting Learning Books For Kids - 123 Book"
"Best Shapes Learning Books For Kids - My 1st Book"
"Best Colours Learning Books For Kids - My 1st Book"
"Best Kids Learning Books For Kids Pack Of 6"
"Best English Learning Books For Kids - ABC Book For Children"
"Best Math Learning Books For Kids - 123 Book For Kids"
"Best Urdu Learning Books For Kids - Urdu Book For Kids"
"How To Write ABC - Abc Letters Training Notebook For kids"
"How To Write 123 - 123 Letters Training Notebook For kids"
"Urdu Lakhai Training Notebook For kids"
"My Pretty Board Book Of Animals And Birds For Kids Learning - 2105"
"My Pretty Board Book Of 123 For Kids Learning - 2103"
"Early Educational Board Books Series Pack Of 5 For Kids"
"Kids Early Educational Board Books Series Pack Of 5"
"Kids Early Development Educational Board Books Series"
"Kids Early Learning Books Pack Of 12"
"Early Learners Library Of 12 Charming &amp; Durable Board Books For Kids"
"First Encyclopedia Of Reading Books - Kids Learning Books"
"Doremon Money Saving Box"
"Best Cheap Abacus For Kids - Spike Abacus Online At Stationeryx.pk"
"Microscope Kit - Microscope Kit For Kids Online At Stationeryx.pk"
"Educational Math Toys - Math Toys - Educational Toys At Stationeryx.pk"
"Wooden Multiplication Table - Multiplication Table For Kids At Stationeryx.pk"
"Number Rod - Number Rods Montessori At Stationeryx.pk"
"Best Cheap Mathematical Intelligence Stick - Intelligence Stick At Stationeryx.pk"
"World Map Montessori - Montessori Map - Puzzle Map Of The World"
"Metal Insets Montessori - Metal Insets - Montessori Material At Stationeryx"
"Montessori Toys - Kids Development Toys - Math Learning Toys"
"Moveable Alphabets - Montessori Alphabet - Montessori Material"
"Sound Box Montessori - Montessori Materials At Stationeryx.pk"
"Sandpaper Numbers - Sandpaper Letters - Montessori At Stationeryx.pk"
"Cards And Counters In Montessori - Montessori Number Cards"
"Buy Montessori Sandpaper Alphabet - Sandpaper Numbers - Sandpaper Letters - Montessori Sandpaper Letters At Stationeryx.pk"
"Montessori Toys - Kids Development Toys - Wooden toys"
"Cylinder Blocks - Cylinder Blocks Montessori At Stationeryx.pk"
"Montessori Touch Boards - Touch Boards - Montessori At Stationeryx.pk"
"Brown Stair - Brown Stairs Montessori - Kids Toys - At Stationeryx.pk"
"Spindle Box - Spindle Box Montessori At Stationeryx.pk"
"Geometrical Cabinet - Montessori Geometric Cabinet At Stationeryx.pk"
"Moon Glow Ludo For Kids And Family"
"Racing Car For Kids - Racing Car Toys - Car For Kids At Stationeryx.pk"
"Flashing Crystal Ball - Flying Ball Toys With Remote Control"
"Avengers Hero Flying Helicopter - Flying Helicopter For Kid - Stationeryx"
"Helicopter Minion - Flying Minion Remote Control Helicopter"
"Helicopter Minion - Flying Minion For Kids At StationeryX"
"Flying Birds - Flying Angry Bird For Kids At StationeryX"
"Avengers Hero Flying Helicopter"
"Hand Induction Doraemon Helicopter - Kids Helicopter Toys | Stationeryx"
"Flashing Crystal Ballm - Flying Ball Crystal Flashing LED Light Toys"
"Spider man Helicopter"
"Flashing Crystal Ball"
"Hello Kitty Helicopter - Hello Kitty Toys At StationeryX"
"Giraffe Projection - Music Toys For Baby Online Pakistan At StationeryX"
"Coke Happy Flash Electric - Toys Sale For Kids At StationeryX"
"Camel Desert Electric Flash - Music Toys For Baby At StationeryX"
"Seahorse Toy - Musical Toys For Baby At StationeryX"
"Turles Projection - Turtles Toys For toddler At StationeryX"
"Peacock Flash Electric - Electric Toys - Kids Toys At StationeryX"
"Happy Elephant Toys - Elephant Toys For Toddlers At StationeryX"
"Hoola Hoop Tom - Talking Tom Cat Toys Online Pakistan | StationeryX"
"Future Star Truck - Truck Toys For Kids - Monster Truck Toys For Kids"
"Doraemon Tornado Motorcycle Toys - Kids Toys At Stationeryx.pk"
"Fish Dinky"
"ABC Blocks"
Block
"Air Bus Flash Electric - Airplane Toys - Flying Toy Airplane At Stationeryx"
"Rattle Set 5Pcs"
"Rattle Set PVP Bag - Baby Rattles - Baby Teether Toys At Stationeryx"
SPINNER
"SPINNER 3Lights"
"SPINNER Lights"
"Angel Girl Doll - Angel Girl Dancing With Lights And Music - StationeryX"
"Doll Flying"
"Barbie Pretty Doll - Pretty Doll For Girls Online Pakistan At Stationeryx"
"Street Machine Toy Cars - Sport Cars Toys - At Stationeryx.pk"
"Happy Engineering Vehicles Car - Vehicles Car toys At Stationeryx.pk"
"Police Set - Gun Toys - Toy Guns Pistols At Stationeryx"
"Model Car Remote Control"
"Float Duck - Duck Toys - Rubber Duck Toy - Duck 5 Pcs At Stationeryx"
"Water Teether (8601)"
"Water Injection Teether ( ZR-420)"
"Water Injection Teether (ZR-421 )"
"Boby Water Teether (A1090)"
"Philips Avent Classic+ (M)"
"Philips Avent Classic+ (S)"
"Philips Avent Classic+ (L)"
"Avent Natural (S)"
"Avent Natural (M)"
"Avent Essential (L)"
"Avent Essential (M)"
"Avent Essential (S)"
"Avent Natural (L)"
"Avent Natural 120 ml/ 4oz"
"Avent Natural 240 ml/ 8oz"
"Avent Natural 260 ml/9oz"
"Avent Natural 125 ml/4oz"
"Avent Classic+ Nipple"
"Avent Essential nipples"
"YINGZIYI Wide Diameter Nipple With Cross Hole - Small"
"YINGZIYI Wide Diameter Nipple With Cross Hole - Medium"
"Suction Bowl"
"Pacifier &amp; Clip"
"Feeding Bottle Brush"
"Toothbrush and light keychain"
"Toothbrush and Glasses"
"Toothbrush and Doll"
"Toothbrush and Scate"
"Toothbrush and Sport Car"
"Duck Toys - Happy Swan Musical Toys - Baby Toys"
"Baby Rattle - Chicken Rattle - Baby Musical Toys At Stationeryx"
"Flaying Doll - Flaying Fairy Doll - Aircraft Toy - Baby Toys"
"Kids Archery Toy Bow and Arrow Play Set For Outdoor Garden Fun Game - CD845"
"Big Kitchen Cook Set For Kids Pretend Play Toy - 2742"
"Children Kids Ring Toss Quoits Toy Tower Stacking Play Game Educational Games"
"50pcs DIY Wooden Building Blocks Toys for Children Enlightenment Toys Building Blocks Wooden Assemblage Building Block"
"Aquatic Super Goggles"
"Best Children's Microscope - Microscope For 5 Year Old At Stationeryx"
"Best Cheap Arithmetic Digital Card / Wooden Puzzle Numbers Learning Card Online In Pakistan"
"Puzzle Card - Puzzle Toys For Toddlers Online In Pakistan"
"Step By Step Game - Wooden Toys - Wooden Game | Stationeryx.pk"
"2 In 1 Wooden Block Learning Flap/Writing Board For Kids"
"Buy Pocket Microscope - Best Pocket Microscope At The Stationeryx.pk"
"Small 12&quot; Punching Bag With Boxing Gloves For Kids"
"50 pc Classic Wooden Building Blocks Set w/ Storage Bucket"
"Child Baby Fitness Multi-colored Wooden Dumbbell Toy"
"Cars - Bus - Cycle - Bike Wooden Learning Plates For Kids Early Education"
"Fruits Wooden Learning Plates For Kids Early Education"
"Animals Wooden Learning Plates For Kids Early Education"
"123 Wood Learning Plates - Kids Learning Toys"
"Jigsaw wooden magnetic fish plate"
"2Pcs Kids Wooden Toys Geo board &amp; Lacing Board Set Early Educational Toy"
"Cartoon Animals Musical Trailer Kids Early Educational Toys Wooden Puzzle"
"Puzzle - Large - Alif Bay Knob Puzzle"
"Wooden Digital Bus Multi function Knock The Ball"
"Best Cheap Animal Domino - Animal Domino Game At Stationeryx.pk"
"Buy Spell &amp; Learning Fun Set - Learning Toys In Pakistan"
"Buy Wooden Lacing Shoe - Kids Learning Toys In Pakistan"
"Buy ABCD Capital Letters - Big Wood Letters At Stationeryx.pk"
"Buy Wooden Letters - Wooden Letters Small Online At Stationeryx.pk"
"Large Wooden Numbers - Wood Number Online In Pakistan"
"48pcs Kids Blocks - Wooden Blocks For Babies At Stationeryx"
"Rainbow Towers Toys For kids - Kids learning Toys At Stationeryx.pk"
"Best Wooden Tools Box - Antique Wood Tool Box At Stationeryx.pk"
"Buy Toys &amp; Games - Wooden Geometric Sorter Board Montessori Toy"
"Buy Educational Toys - 3 Tower Shapes - Wooden Toys In Pakistan"
"Buy Knowledge Classification Boxes - Knowledge Box In Pakistan"
"Buy Wooden Toys - Intelligence Spell - Educational Toys At Stationeryx.pk"
"Buy Wooden Board Games - English Intelligence Board In Pakistan"
"Buy Block Picture Puzzle - Block Puzzle - Wood Block Puzzle Stationeryx.pk"
"Buy Rainbow Amusement Park - Wooden Education Toys At Pakistan"
"Best Montessori Toys - Intelligent House Number Blocks At Stationeryx"
"Geometric Intelligence Board"
"Abc Wood Learning Plates - Kids Learning Toys"
"Wooden Alphabet Letters - Kids Learning Toys"
"Best Cheap Wooden Puzzle ABC At Stationeryx.pk"
"Buy Wooden Puzzles - Wooden Match the Head Vehicles Puzzle For Kids Online"
"Best Wooden Toys Lace Up Shoe Puzzle For Kids"
"Buy ABC Learning Games - Alphabet Games For Kids Online At Stationeryx"
"Wooden New Balance Scale Toy"
"Shape Matching Box Of Intelligence- Beating Ball"
"Buy Numbering Abacus - Spike Abacus Online In Pakistan At Stationeryx"
"Buy Knocking Balls - Game Table Beating Online At Stationeryx"
"Best Colors Shapes &amp; Counting Learning Shapes For Toddlers Online At Stationeryx.pk"
"Buy Large Wooden Numbers - Wood Number Online | Stationeryx.pk"
"Learning Plates Sea Life - Plates Sea Life toys"
"Learning Plates Shapes - Plates Shapes toys"
"Buy Abacus - Calculation Shelf - Early Learning Toys At Stationeryx"
"Buy 4-Set Of Column Shape - Kids Learning Toys At Stationeryx.pk"
"Intelligence Disassembly Train"
"Buy Wooden Picture Counting - Wooden Toys At Stationeryx.pk"
"Miniature Speeding 4-Car"
"Best Cheap Wood ABC Box - Wooden Alphabet Blocks Online At Stationeryx.pk"
"Buy Computation Study Box - Montessori Toys Online At Stationeryx.pk"
